Workbook

Sheet Контрагенты
B2: Контрагенты счёта 60 — что к какой статье относится
B3: Меняете статью или блок в этой таблице — суммы на листах «Статьи» и «Свод» пересчитываются сами. Столбцы «Блок» — выпадающий список.
B5: Контрагент | C5: Оплачено | D5: Статья | E5: Блок
B6: КВАЛИТЕТ ООО | C6: 11000000 | D6: Ремонт Самокатная 1 стр12 | E6: за счёт кредитной линии
B7: Маркарян Максим Рачьянович ИП | C7: 10966274 | D7: Гонорары ИП хирургов | E7: медицинские
B8: БУРДИНА Е.С. ИП | C8: 5382764 | D8: Гонорары ИП хирургов | E8: медицинские
B9: Сехина Виктория Дмитриевна | C9: 4692500 | D9: Урегулирование досудебного спора | E9: управленческие
B10: Ужахов Тимур Магомедович ИП | C10: 4518074 | D10: Гонорары ИП хирургов | E10: медицинские
B11: КЛОВЕРМЕД ООО | C11: 4196900 | D11: Импланты | E11: медицинские
B12: Завиркин Антон Владимирович ИП | C12: 2887658 | D12: ИП Завиркин А.В. | E12: медицинские
B13: Маржохов Астемир Ануарович ИП | C13: 2811745 | D13: Гонорары ИП хирургов | E13: медицинские
B14: Габеев Алан Ирбекович ИП | C14: 2631347 | D14: Гонорары ИП хирургов | E14: медицинские
B15: Ласукова Екатерина Борисовна | C15: 2505800 | D15: Маркетинговые услуги | E15: управленческие
B16: Пономарёва Елена Юрьевна ИП | C16: 2272677 | D16: Гонорары ИП хирургов | E16: медицинские
B17: БУРДИН С. А. ИП | C17: 2227217 | D17: Гонорары ИП хирургов | E17: медицинские
... B127: БАНК ВТБ (ПАО) | C127: 550 | D127: Услуги банка | E127: услуги банка
B128: ИТОГО ПО СЧЁТУ 60 | C128: =SUM(C6:C127)

Sheet Статьи
B2: Статьи расходов
B3: Сумма каждой статьи — SUMIF по листу «Контрагенты». Формулу видно в ячейке.
B5: Статья | C5: Блок | D5: Сумма | E5: Доля | F5: Контрагентов
B6: МЕДИЦИНСКИЕ
B7: Анализы | C7: медицинские | D7: =SUMIF(Контрагенты!$D$6:$D$127,B7&"",Контрагенты!$C$6:$C$127) | E7: =D7/Контрагенты!$C$128 | F7: =COUNTIF(Контрагенты!$D$6:$D$127,B7&"")
B8: Аренда Inmode | C8: медицинские | D8: =SUMIF(Контрагенты!$D$6:$D$127,B8&"",Контрагенты!$C$6:$C$127) | E8: =D8/Контрагенты!$C$128 | F8: =COUNTIF(Контрагенты!$D$6:$D$127,B8&"")
B9: Белье | C9: медицинские | D9: =SUMIF(Контрагенты!$D$6:$D$127,B9&"",Контрагенты!$C$6:$C$127) | E9: =D9/Контрагенты!$C$128 | F9: =COUNTIF(Контрагенты!$D$6:$D$127,B9&"")
B10: Бланки, мед.журналы, мед.книжки | C10: медицинские | D10: =SUMIF(Контрагенты!$D$6:$D$127,B10&"",Контрагенты!$C$6:$C$127) | E10: =D10/Контрагенты!$C$128 | F10: =COUNTIF(Контрагенты!$D$6:$D$127,B10&"")
B11: Вывоз ТКО и мед отходов | C11: медицинские | D11: =SUMIF(Контрагенты!$D$6:$D$127,B11&"",Контрагенты!$C$6:$C$127) | E11: =D11/Контрагенты!$C$128 | F11: =COUNTIF(Контрагенты!$D$6:$D$127,B11&"")
B12: Гонорары ИП хирургов | C12: медицинские | D12: =SUMIF(Контрагенты!$D$6:$D$127,B12&"",Контрагенты!$C$6:$C$127) | E12: =D12/Контрагенты!$C$128 | F12: =COUNTIF(Контрагенты!$D$6:$D$127,B12&"")
B13: ИП Завиркин А.В. | C13: медицинские | D13: =SUMIF(Контрагенты!$D$6:$D$127,B13&"",Контрагенты!$C$6:$C$127) | E13: =D13/Контрагенты!$C$128 | F13: =COUNTIF(Контрагенты!$D$6:$D$127,B13&"")
B14: ИП Чугуевская (ЗП Заведягин ОН) | C14: медицинские | D14: =SUMIF(Контрагенты!$D$6:$D$127,B14&"",Контрагенты!$C$6:$C$127) | E14: =D14/Контрагенты!$C$128 | F14: =COUNTIF(Контрагенты!$D$6:$D$127,B14&"")
B15: Импланты | C15: медицинские | D15: =SUMIF(Контрагенты!$D$6:$D$127,B15&"",Контрагенты!$C$6:$C$127) | E15: =D15/Контрагенты!$C$128 | F15: =COUNTIF(Контрагенты!$D$6:$D$127,B15&"")
B16: Кровь | C16: медицинские | D16: =SUMIF(Контрагенты!$D$6:$D$127,B16&"",Контрагенты!$C$6:$C$127) | E16: =D16/Контрагенты!$C$128 | F16: =COUNTIF(Контрагенты!$D$6:$D$127,B16&"")
B17: Лекарства | C17: медицинские | D17: =SUMIF(Контрагенты!$D$6:$D$127,B17&"",Контрагенты!$C$6:$C$127) | E17: =D17/Контрагенты!$C$128 | F17: =COUNTIF(Контрагенты!$D$6:$D$127,B17&"")
B18: Медицинские материалы | C18: медицинские | D18: =SUMIF(Контрагенты!$D$6:$D$127,B18&"",Контрагенты!$C$6:$C$127) | E18: =D18/Контрагенты!$C$128 | F18: =COUNTIF(Контрагенты!$D$6:$D$127,B18&"")
... B24: Утилизация медотходов | C24: медицинские | D24: =SUMIF(Контрагенты!$D$6:$D$127,B24&"",Контрагенты!$C$6:$C$127) | E24: =D24/Контрагенты!$C$128 | F24: =COUNTIF(Контрагенты!$D$6:$D$127,B24&"")
B25: Итого «медицинские» | D25: =SUM(D7:D24)
B27: УПРАВЛЕНЧЕСКИЕ
B28: IT услуги | C28: управленческие | D28: =SUMIF(Контрагенты!$D$6:$D$127,B28&"",Контрагенты!$C$6:$C$127) | E28: =D28/Контрагенты!$C$128 | F28: =COUNTIF(Контрагенты!$D$6:$D$127,B28&"")
B29: Аренда Самокатная 1 стр1 | C29: управленческие | D29: =SUMIF(Контрагенты!$D$6:$D$127,B29&"",Контрагенты!$C$6:$C$127) | E29: =D29/Контрагенты!$C$128 | F29: =COUNTIF(Контрагенты!$D$6:$D$127,B29&"")
B30: Аренда кофемашины | C30: управленческие | D30: =SUMIF(Контрагенты!$D$6:$D$127,B30&"",Контрагенты!$C$6:$C$127) | E30: =D30/Контрагенты!$C$128 | F30: =COUNTIF(Контрагенты!$D$6:$D$127,B30&"")
B31: Битрикс 24 | C31: управленческие | D31: =SUMIF(Контрагенты!$D$6:$D$127,B31&"",Контрагенты!$C$6:$C$127) | E31: =D31/Контрагенты!$C$128 | F31: =COUNTIF(Контрагенты!$D$6:$D$127,B31&"")
B32: Внедрение финансового учёта | C32: управленческие | D32: =SUMIF(Контрагенты!$D$6:$D$127,B32&"",Контрагенты!$C$6:$C$127) | E32: =D32/Контрагенты!$C$128 | F32: =COUNTIF(Контрагенты!$D$6:$D$127,B32&"")
B33: Вода | C33: управленческие | D33: =SUMIF(Контрагенты!$D$6:$D$127,B33&"",Контрагенты!$C$6:$C$127) | E33: =D33/Контрагенты!$C$128 | F33: =COUNTIF(Контрагенты!$D$6:$D$127,B33&"")
B34: Дизайн-услуги | C34: управленческие | D34: =SUMIF(Контрагенты!$D$6:$D$127,B34&"",Контрагенты!$C$6:$C$127) | E34: =D34/Контрагенты!$C$128 | F34: =COUNTIF(Контрагенты!$D$6:$D$127,B34&"")
B35: Доктор Дискаунт (назначение уточняется) | C35: управленческие | D35: =SUMIF(Контрагенты!$D$6:$D$127,B35&"",Контрагенты!$C$6:$C$127) | E35: =D35/Контрагенты!$C$128 | F35: =COUNTIF(Контрагенты!$D$6:$D$127,B35&"")
B36: Доставка | C36: управленческие | D36: =SUMIF(Контрагенты!$D$6:$D$127,B36&"",Контрагенты!$C$6:$C$127) | E36: =D36/Контрагенты!$C$128 | F36: =COUNTIF(Контрагенты!$D$6:$D$127,B36&"")
B37: Интернет | C37: управленческие | D37: =SUMIF(Контрагенты!$D$6:$D$127,B37&"",Контрагенты!$C$6:$C$127) | E37: =D37/Контрагенты!$C$128 | F37: =COUNTIF(Контрагенты!$D$6:$D$127,B37&"")
B38: Канц и хоз расходы | C38: управленческие | D38: =SUMIF(Контрагенты!$D$6:$D$127,B38&"",Контрагенты!$C$6:$C$127) | E38: =D38/Контрагенты!$C$128 | F38: =COUNTIF(Контрагенты!$D$6:$D$127,B38&"")
B39: Капвложения и работы | C39: управленческие | D39: =SUMIF(Контрагенты!$D$6:$D$127,B39&"",Контрагенты!$C$6:$C$127) | E39: =D39/Контрагенты!$C$128 | F39: =COUNTIF(Контрагенты!$D$6:$D$127,B39&"")
... B75: Электрооборудование | C75: управленческие | D75: =SUMIF(Контрагенты!$D$6:$D$127,B75&"",Контрагенты!$C$6:$C$127) | E75: =D75/Контрагенты!$C$128 | F75: =COUNTIF(Контрагенты!$D$6:$D$127,B75&"")
B76: Итого «управленческие» | D76: =SUM(D28:D75)
B78: УСЛУГИ БАНКА
B79: Услуги банка | C79: услуги банка | D79: =SUMIF(Контрагенты!$D$6:$D$127,B79&"",Контрагенты!$C$6:$C$127) | E79: =D79/Контрагенты!$C$128 | F79: =COUNTIF(Контрагенты!$D$6:$D$127,B79&"")
B80: Итого «услуги банка» | D80: =SUM(D79:D79)
B82: ЗА СЧЁТ КРЕДИТНОЙ ЛИНИИ
B83: Ремонт Самокатная 1 стр12 | C83: за счёт кредитной линии | D83: =SUMIF(Контрагенты!$D$6:$D$127,B83&"",Контрагенты!$C$6:$C$127) | E83: =D83/Контрагенты!$C$128 | F83: =COUNTIF(Контрагенты!$D$6:$D$127,B83&"")
B84: Итого «за счёт кредитной линии» | D84: =SUM(D83:D83)

Sheet Свод
B2: Свод по блокам
B3: Каждая строка — SUMIF по листу «Контрагенты» напрямую, минуя статьи: две независимые проверки.
B5: Блок | C5: Сумма | D5: Контрагентов | E5: Комментарий
B6: медицинские | C6: =SUMIF(Контрагенты!$E$6:$E$127,B6&"",Контрагенты!$C$6:$C$127) | D6: =COUNTIF(Контрагенты!$E$6:$E$127,B6&"") | E6: медикаменты, импланты, расходка, гонорары ИП хирургов
B7: управленческие | C7: =SUMIF(Контрагенты!$E$6:$E$127,B7&"",Контрагенты!$C$6:$C$127) | D7: =COUNTIF(Контрагенты!$E$6:$E$127,B7&"") | E7: аренда, маркетинг, IT, хозяйственные
B8: услуги банка | C8: =SUMIF(Контрагенты!$E$6:$E$127,B8&"",Контрагенты!$C$6:$C$127) | D8: =COUNTIF(Контрагенты!$E$6:$E$127,B8&"") | E8: комиссии банков, проведённые через счёт 60 — ошибка проводки
B9: за счёт кредитной линии | C9: =SUMIF(Контрагенты!$E$6:$E$127,B9&"",Контрагенты!$C$6:$C$127) | D9: =COUNTIF(Контрагенты!$E$6:$E$127,B9&"") | E9: ремонт Самокатная 1 стр.12, оплачен заёмными — в расходы учредителей не входит
B10: ИТОГО ПО СЧЁТУ 60 | C10: =SUM(C6:C9)
B12: В расходы учредителей | C12: =C6+C7 | E12: медицинские + управленческие; банковские комиссии идут отдельной строкой расходов, кредитные — не входят вовсе
